date,week,name
01/01/01,segunda-feira,Confraternização Universal
26/02/01,segunda-feira,Carnaval
27/02/01,terça-feira,Carnaval
13/04/01,sexta-feira,Paixão de Cristo
21/04/01,sábado,Tiradentes
01/05/01,terça-feira,Dia do Trabalho
14/06/01,quinta-feira,Corpus Christi
07/09/01,sexta-feira,Independência do Brasil
12/10/01,sexta-feira,Nossa Sr.a Aparecida - Padroeira do Brasil
02/11/01,sexta-feira,Finados
15/11/01,quinta-feira,Proclamação da República
25/12/01,terça-feira,Natal
01/01/02,terça-feira,Confraternização Universal
11/02/02,segunda-feira,Carnaval
12/02/02,terça-feira,Carnaval
29/03/02,sexta-feira,Paixão de Cristo
21/04/02,domingo,Tiradentes
01/05/02,quarta-feira,Dia do Trabalho
30/05/02,quinta-feira,Corpus Christi
07/09/02,sábado,Independência do Brasil
12/10/02,sábado,Nossa Sr.a Aparecida - Padroeira do Brasil
02/11/02,sábado,Finados
15/11/02,sexta-feira,Proclamação da República
25/12/02,quarta-feira,Natal
01/01/03,quarta-feira,Confraternização Universal
03/03/03,segunda-feira,Carnaval
04/03/03,terça-feira,Carnaval
18/04/03,sexta-feira,Paixão de Cristo
21/04/03,segunda-feira,Tiradentes
01/05/03,quinta-feira,Dia do Trabalho
19/06/03,quinta-feira,Corpus Christi
07/09/03,domingo,Independência do Brasil
12/10/03,domingo,Nossa Sr.a Aparecida - Padroeira do Brasil
02/11/03,domingo,Finados
15/11/03,sábado,Proclamação da República
25/12/03,quinta-feira,Natal
01/01/04,quinta-feira,Confraternização Universal
23/02/04,segunda-feira,Carnaval
24/02/04,terça-feira,Carnaval
09/04/04,sexta-feira,Paixão de Cristo
21/04/04,quarta-feira,Tiradentes
01/05/04,sábado,Dia do Trabalho
10/06/04,quinta-feira,Corpus Christi
07/09/04,terça-feira,Independência do Brasil
12/10/04,terça-feira,Nossa Sr.a Aparecida - Padroeira do Brasil
02/11/04,terça-feira,Finados
15/11/04,segunda-feira,Proclamação da República
25/12/04,sábado,Natal
01/01/05,sábado,Confraternização Universal
07/02/05,segunda-feira,Carnaval
08/02/05,terça-feira,Carnaval
25/03/05,sexta-feira,Paixão de Cristo
21/04/05,quinta-feira,Tiradentes
01/05/05,domingo,Dia do Trabalho
26/05/05,quinta-feira,Corpus Christi
07/09/05,quarta-feira,Independência do Brasil
12/10/05,quarta-feira,Nossa Sr.a Aparecida - Padroeira do Brasil
02/11/05,quarta-feira,Finados
15/11/05,terça-feira,Proclamação da República
25/12/05,domingo,Natal
01/01/06,domingo,Confraternização Universal
27/02/06,segunda-feira,Carnaval
28/02/06,terça-feira,Carnaval
14/04/06,sexta-feira,Paixão de Cristo
21/04/06,sexta-feira,Tiradentes
01/05/06,segunda-feira,Dia do Trabalho
15/06/06,quinta-feira,Corpus Christi
07/09/06,quinta-feira,Independência do Brasil
12/10/06,quinta-feira,Nossa Sr.a Aparecida - Padroeira do Brasil
02/11/06,quinta-feira,Finados
15/11/06,quarta-feira,Proclamação da República
25/12/06,segunda-feira,Natal
01/01/07,segunda-feira,Confraternização Universal
19/02/07,segunda-feira,Carnaval
20/02/07,terça-feira,Carnaval
06/04/07,sexta-feira,Paixão de Cristo
21/04/07,sábado,Tiradentes
01/05/07,terça-feira,Dia do Trabalho
07/06/07,quinta-feira,Corpus Christi
07/09/07,sexta-feira,Independência do Brasil
12/10/07,sexta-feira,Nossa Sr.a Aparecida - Padroeira do Brasil
02/11/07,sexta-feira,Finados
15/11/07,quinta-feira,Proclamação da República
25/12/07,terça-feira,Natal
01/01/08,terça-feira,Confraternização Universal
04/02/08,segunda-feira,Carnaval
05/02/08,terça-feira,Carnaval
21/03/08,sexta-feira,Paixão de Cristo
21/04/08,segunda-feira,Tiradentes
01/05/08,quinta-feira,Dia do Trabalho
22/05/08,quinta-feira,Corpus Christi
07/09/08,domingo,Independência do Brasil
12/10/08,domingo,Nossa Sr.a Aparecida - Padroeira do Brasil
02/11/08,domingo,Finados
15/11/08,sábado,Proclamação da República
25/12/08,quinta-feira,Natal
01/01/09,quinta-feira,Confraternização Universal
23/02/09,segunda-feira,Carnaval
24/02/09,terça-feira,Carnaval
10/04/09,sexta-feira,Paixão de Cristo
21/04/09,terça-feira,Tiradentes
01/05/09,sexta-feira,Dia do Trabalho
11/06/09,quinta-feira,Corpus Christi
07/09/09,segunda-feira,Independência do Brasil
12/10/09,segunda-feira,Nossa Sr.a Aparecida - Padroeira do Brasil
02/11/09,segunda-feira,Finados
15/11/09,domingo,Proclamação da República
25/12/09,sexta-feira,Natal
01/01/10,sexta-feira,Confraternização Universal
15/02/10,segunda-feira,Carnaval
16/02/10,terça-feira,Carnaval
02/04/10,sexta-feira,Paixão de Cristo
21/04/10,quarta-feira,Tiradentes
01/05/10,sábado,Dia do Trabalho
03/06/10,quinta-feira,Corpus Christi
07/09/10,terça-feira,Independência do Brasil
12/10/10,terça-feira,Nossa Sr.a Aparecida - Padroeira do Brasil
02/11/10,terça-feira,Finados
15/11/10,segunda-feira,Proclamação da República
25/12/10,sábado,Natal
01/01/11,sábado,Confraternização Universal
07/03/11,segunda-feira,Carnaval
08/03/11,terça-feira,Carnaval
21/04/11,quinta-feira,Tiradentes
22/04/11,sexta-feira,Paixão de Cristo
01/05/11,domingo,Dia do Trabalho
23/06/11,quinta-feira,Corpus Christi
07/09/11,quarta-feira,Independência do Brasil
12/10/11,quarta-feira,Nossa Sr.a Aparecida - Padroeira do Brasil
02/11/11,quarta-feira,Finados
15/11/11,terça-feira,Proclamação da República
25/12/11,domingo,Natal
01/01/12,domingo,Confraternização Universal
20/02/12,segunda-feira,Carnaval
21/02/12,terça-feira,Carnaval
06/04/12,sexta-feira,Paixão de Cristo
21/04/12,sábado,Tiradentes
01/05/12,terça-feira,Dia do Trabalho
07/06/12,quinta-feira,Corpus Christi
07/09/12,sexta-feira,Independência do Brasil
12/10/12,sexta-feira,Nossa Sr.a Aparecida - Padroeira do Brasil
02/11/12,sexta-feira,Finados
15/11/12,quinta-feira,Proclamação da República
25/12/12,terça-feira,Natal
01/01/13,terça-feira,Confraternização Universal
11/02/13,segunda-feira,Carnaval
12/02/13,terça-feira,Carnaval
29/03/13,sexta-feira,Paixão de Cristo
21/04/13,domingo,Tiradentes
01/05/13,quarta-feira,Dia do Trabalho
30/05/13,quinta-feira,Corpus Christi
07/09/13,sábado,Independência do Brasil
12/10/13,sábado,Nossa Sr.a Aparecida - Padroeira do Brasil
02/11/13,sábado,Finados
15/11/13,sexta-feira,Proclamação da República
25/12/13,quarta-feira,Natal
01/01/14,quarta-feira,Confraternização Universal
03/03/14,segunda-feira,Carnaval
04/03/14,terça-feira,Carnaval
18/04/14,sexta-feira,Paixão de Cristo
21/04/14,segunda-feira,Tiradentes
01/05/14,quinta-feira,Dia do Trabalho
19/06/14,quinta-feira,Corpus Christi
07/09/14,domingo,Independência do Brasil
12/10/14,domingo,Nossa Sr.a Aparecida - Padroeira do Brasil
02/11/14,domingo,Finados
15/11/14,sábado,Proclamação da República
25/12/14,quinta-feira,Natal
01/01/15,quinta-feira,Confraternização Universal
16/02/15,segunda-feira,Carnaval
17/02/15,terça-feira,Carnaval
03/04/15,sexta-feira,Paixão de Cristo
21/04/15,terça-feira,Tiradentes
01/05/15,sexta-feira,Dia do Trabalho
04/06/15,quinta-feira,Corpus Christi
07/09/15,segunda-feira,Independência do Brasil
12/10/15,segunda-feira,Nossa Sr.a Aparecida - Padroeira do Brasil
02/11/15,segunda-feira,Finados
15/11/15,domingo,Proclamação da República
25/12/15,sexta-feira,Natal
01/01/16,sexta-feira,Confraternização Universal
08/02/16,segunda-feira,Carnaval
09/02/16,terça-feira,Carnaval
25/03/16,sexta-feira,Paixão de Cristo
21/04/16,quinta-feira,Tiradentes
01/05/16,domingo,Dia do Trabalho
26/05/16,quinta-feira,Corpus Christi
07/09/16,quarta-feira,Independência do Brasil
12/10/16,quarta-feira,Nossa Sr.a Aparecida - Padroeira do Brasil
02/11/16,quarta-feira,Finados
15/11/16,terça-feira,Proclamação da República
25/12/16,domingo,Natal
01/01/17,domingo,Confraternização Universal
27/02/17,segunda-feira,Carnaval
28/02/17,terça-feira,Carnaval
14/04/17,sexta-feira,Paixão de Cristo
21/04/17,sexta-feira,Tiradentes
01/05/17,segunda-feira,Dia do Trabalho
15/06/17,quinta-feira,Corpus Christi
07/09/17,quinta-feira,Independência do Brasil
12/10/17,quinta-feira,Nossa Sr.a Aparecida - Padroeira do Brasil
02/11/17,quinta-feira,Finados
15/11/17,quarta-feira,Proclamação da República
25/12/17,segunda-feira,Natal
01/01/18,segunda-feira,Confraternização Universal
12/02/18,segunda-feira,Carnaval
13/02/18,terça-feira,Carnaval
30/03/18,sexta-feira,Paixão de Cristo
21/04/18,sábado,Tiradentes
01/05/18,terça-feira,Dia do Trabalho
31/05/18,quinta-feira,Corpus Christi
07/09/18,sexta-feira,Independência do Brasil
12/10/18,sexta-feira,Nossa Sr.a Aparecida - Padroeira do Brasil
02/11/18,sexta-feira,Finados
15/11/18,quinta-feira,Proclamação da República
25/12/18,terça-feira,Natal
01/01/19,terça-feira,Confraternização Universal
04/03/19,segunda-feira,Carnaval
05/03/19,terça-feira,Carnaval
19/04/19,sexta-feira,Paixão de Cristo
21/04/19,domingo,Tiradentes
01/05/19,quarta-feira,Dia do Trabalho
20/06/19,quinta-feira,Corpus Christi
07/09/19,sábado,Independência do Brasil
12/10/19,sábado,Nossa Sr.a Aparecida - Padroeira do Brasil
02/11/19,sábado,Finados
15/11/19,sexta-feira,Proclamação da República
25/12/19,quarta-feira,Natal
01/01/20,quarta-feira,Confraternização Universal
24/02/20,segunda-feira,Carnaval
25/02/20,terça-feira,Carnaval
10/04/20,sexta-feira,Paixão de Cristo
21/04/20,terça-feira,Tiradentes
01/05/20,sexta-feira,Dia do Trabalho
11/06/20,quinta-feira,Corpus Christi
07/09/20,segunda-feira,Independência do Brasil
12/10/20,segunda-feira,Nossa Sr.a Aparecida - Padroeira do Brasil
02/11/20,segunda-feira,Finados
15/11/20,domingo,Proclamação da República
25/12/20,sexta-feira,Natal
01/01/21,sexta-feira,Confraternização Universal
15/02/21,segunda-feira,Carnaval
16/02/21,terça-feira,Carnaval
02/04/21,sexta-feira,Paixão de Cristo
21/04/21,quarta-feira,Tiradentes
01/05/21,sábado,Dia do Trabalho
03/06/21,quinta-feira,Corpus Christi
07/09/21,terça-feira,Independência do Brasil
12/10/21,terça-feira,Nossa Sr.a Aparecida - Padroeira do Brasil
02/11/21,terça-feira,Finados
15/11/21,segunda-feira,Proclamação da República
25/12/21,sábado,Natal
01/01/22,sábado,Confraternização Universal
28/02/22,segunda-feira,Carnaval
01/03/22,terça-feira,Carnaval
15/04/22,sexta-feira,Paixão de Cristo
21/04/22,quinta-feira,Tiradentes
01/05/22,domingo,Dia do Trabalho
16/06/22,quinta-feira,Corpus Christi
07/09/22,quarta-feira,Independência do Brasil
12/10/22,quarta-feira,Nossa Sr.a Aparecida - Padroeira do Brasil
02/11/22,quarta-feira,Finados
15/11/22,terça-feira,Proclamação da República
25/12/22,domingo,Natal
01/01/23,domingo,Confraternização Universal
20/02/23,segunda-feira,Carnaval
21/02/23,terça-feira,Carnaval
07/04/23,sexta-feira,Paixão de Cristo
21/04/23,sexta-feira,Tiradentes
01/05/23,segunda-feira,Dia do Trabalho
08/06/23,quinta-feira,Corpus Christi
07/09/23,quinta-feira,Independência do Brasil
12/10/23,quinta-feira,Nossa Sr.a Aparecida - Padroeira do Brasil
02/11/23,quinta-feira,Finados
15/11/23,quarta-feira,Proclamação da República
25/12/23,segunda-feira,Natal
01/01/24,segunda-feira,Confraternização Universal
12/02/24,segunda-feira,Carnaval
13/02/24,terça-feira,Carnaval
29/03/24,sexta-feira,Paixão de Cristo
21/04/24,domingo,Tiradentes
01/05/24,quarta-feira,Dia do Trabalho
30/05/24,quinta-feira,Corpus Christi
07/09/24,sábado,Independência do Brasil
12/10/24,sábado,Nossa Sr.a Aparecida - Padroeira do Brasil
02/11/24,sábado,Finados
15/11/24,sexta-feira,Proclamação da República
25/12/24,quarta-feira,Natal
01/01/25,quarta-feira,Confraternização Universal
03/03/25,segunda-feira,Carnaval
04/03/25,terça-feira,Carnaval
18/04/25,sexta-feira,Paixão de Cristo
21/04/25,segunda-feira,Tiradentes
01/05/25,quinta-feira,Dia do Trabalho
19/06/25,quinta-feira,Corpus Christi
07/09/25,domingo,Independência do Brasil
12/10/25,domingo,Nossa Sr.a Aparecida - Padroeira do Brasil
02/11/25,domingo,Finados
15/11/25,sábado,Proclamação da República
25/12/25,quinta-feira,Natal
01/01/26,quinta-feira,Confraternização Universal
16/02/26,segunda-feira,Carnaval
17/02/26,terça-feira,Carnaval
03/04/26,sexta-feira,Paixão de Cristo
21/04/26,terça-feira,Tiradentes
01/05/26,sexta-feira,Dia do Trabalho
04/06/26,quinta-feira,Corpus Christi
07/09/26,segunda-feira,Independência do Brasil
12/10/26,segunda-feira,Nossa Sr.a Aparecida - Padroeira do Brasil
02/11/26,segunda-feira,Finados
15/11/26,domingo,Proclamação da República
25/12/26,sexta-feira,Natal
01/01/27,sexta-feira,Confraternização Universal
08/02/27,segunda-feira,Carnaval
09/02/27,terça-feira,Carnaval
26/03/27,sexta-feira,Paixão de Cristo
21/04/27,quarta-feira,Tiradentes
01/05/27,sábado,Dia do Trabalho
27/05/27,quinta-feira,Corpus Christi
07/09/27,terça-feira,Independência do Brasil
12/10/27,terça-feira,Nossa Sr.a Aparecida - Padroeira do Brasil
02/11/27,terça-feira,Finados
15/11/27,segunda-feira,Proclamação da República
25/12/27,sábado,Natal
01/01/28,sábado,Confraternização Universal
28/02/28,segunda-feira,Carnaval
29/02/28,terça-feira,Carnaval
14/04/28,sexta-feira,Paixão de Cristo
21/04/28,sexta-feira,Tiradentes
01/05/28,segunda-feira,Dia do Trabalho
15/06/28,quinta-feira,Corpus Christi
07/09/28,quinta-feira,Independência do Brasil
12/10/28,quinta-feira,Nossa Sr.a Aparecida - Padroeira do Brasil
02/11/28,quinta-feira,Finados
15/11/28,quarta-feira,Proclamação da República
25/12/28,segunda-feira,Natal
01/01/29,segunda-feira,Confraternização Universal
12/02/29,segunda-feira,Carnaval
13/02/29,terça-feira,Carnaval
30/03/29,sexta-feira,Paixão de Cristo
21/04/29,sábado,Tiradentes
01/05/29,terça-feira,Dia do Trabalho
31/05/29,quinta-feira,Corpus Christi
07/09/29,sexta-feira,Independência do Brasil
12/10/29,sexta-feira,Nossa Sr.a Aparecida - Padroeira do Brasil
02/11/29,sexta-feira,Finados
15/11/29,quinta-feira,Proclamação da República
25/12/29,terça-feira,Natal
01/01/30,terça-feira,Confraternização Universal
04/03/30,segunda-feira,Carnaval
05/03/30,terça-feira,Carnaval
19/04/30,sexta-feira,Paixão de Cristo
21/04/30,domingo,Tiradentes
01/05/30,quarta-feira,Dia do Trabalho
20/06/30,quinta-feira,Corpus Christi
07/09/30,sábado,Independência do Brasil
12/10/30,sábado,Nossa Sr.a Aparecida - Padroeira do Brasil
02/11/30,sábado,Finados
15/11/30,sexta-feira,Proclamação da República
25/12/30,quarta-feira,Natal
01/01/31,quarta-feira,Confraternização Universal
24/02/31,segunda-feira,Carnaval
25/02/31,terça-feira,Carnaval
11/04/31,sexta-feira,Paixão de Cristo
21/04/31,segunda-feira,Tiradentes
01/05/31,quinta-feira,Dia do Trabalho
12/06/31,quinta-feira,Corpus Christi
07/09/31,domingo,Independência do Brasil
12/10/31,domingo,Nossa Sr.a Aparecida - Padroeira do Brasil
02/11/31,domingo,Finados
15/11/31,sábado,Proclamação da República
25/12/31,quinta-feira,Natal
01/01/32,quinta-feira,Confraternização Universal
09/02/32,segunda-feira,Carnaval
10/02/32,terça-feira,Carnaval
26/03/32,sexta-feira,Paixão de Cristo
21/04/32,quarta-feira,Tiradentes
01/05/32,sábado,Dia do Trabalho
27/05/32,quinta-feira,Corpus Christi
07/09/32,terça-feira,Independência do Brasil
12/10/32,terça-feira,Nossa Sr.a Aparecida - Padroeira do Brasil
02/11/32,terça-feira,Finados
15/11/32,segunda-feira,Proclamação da República
25/12/32,sábado,Natal
01/01/33,sábado,Confraternização Universal
28/02/33,segunda-feira,Carnaval
01/03/33,terça-feira,Carnaval
15/04/33,sexta-feira,Paixão de Cristo
21/04/33,quinta-feira,Tiradentes
01/05/33,domingo,Dia do Trabalho
16/06/33,quinta-feira,Corpus Christi
07/09/33,quarta-feira,Independência do Brasil
12/10/33,quarta-feira,Nossa Sr.a Aparecida - Padroeira do Brasil
02/11/33,quarta-feira,Finados
15/11/33,terça-feira,Proclamação da República
25/12/33,domingo,Natal
01/01/34,domingo,Confraternização Universal
20/02/34,segunda-feira,Carnaval
21/02/34,terça-feira,Carnaval
07/04/34,sexta-feira,Paixão de Cristo
21/04/34,sexta-feira,Tiradentes
01/05/34,segunda-feira,Dia do Trabalho
08/06/34,quinta-feira,Corpus Christi
07/09/34,quinta-feira,Independência do Brasil
12/10/34,quinta-feira,Nossa Sr.a Aparecida - Padroeira do Brasil
02/11/34,quinta-feira,Finados
15/11/34,quarta-feira,Proclamação da República
25/12/34,segunda-feira,Natal
01/01/35,segunda-feira,Confraternização Universal
05/02/35,segunda-feira,Carnaval
06/02/35,terça-feira,Carnaval
23/03/35,sexta-feira,Paixão de Cristo
21/04/35,sábado,Tiradentes
01/05/35,terça-feira,Dia do Trabalho
24/05/35,quinta-feira,Corpus Christi
07/09/35,sexta-feira,Independência do Brasil
12/10/35,sexta-feira,Nossa Sr.a Aparecida - Padroeira do Brasil
02/11/35,sexta-feira,Finados
15/11/35,quinta-feira,Proclamação da República
25/12/35,terça-feira,Natal
01/01/36,terça-feira,Confraternização Universal
25/02/36,segunda-feira,Carnaval
26/02/36,terça-feira,Carnaval
11/04/36,sexta-feira,Paixão de Cristo
21/04/36,segunda-feira,Tiradentes
01/05/36,quinta-feira,Dia do Trabalho
12/06/36,quinta-feira,Corpus Christi
07/09/36,domingo,Independência do Brasil
12/10/36,domingo,Nossa Sr.a Aparecida - Padroeira do Brasil
02/11/36,domingo,Finados
15/11/36,sábado,Proclamação da República
25/12/36,quinta-feira,Natal
01/01/37,quinta-feira,Confraternização Universal
16/02/37,segunda-feira,Carnaval
17/02/37,terça-feira,Carnaval
03/04/37,sexta-feira,Paixão de Cristo
21/04/37,terça-feira,Tiradentes
01/05/37,sexta-feira,Dia do Trabalho
04/06/37,quinta-feira,Corpus Christi
07/09/37,segunda-feira,Independência do Brasil
12/10/37,segunda-feira,Nossa Sr.a Aparecida - Padroeira do Brasil
02/11/37,segunda-feira,Finados
15/11/37,domingo,Proclamação da República
25/12/37,sexta-feira,Natal
01/01/38,sexta-feira,Confraternização Universal
08/03/38,segunda-feira,Carnaval
09/03/38,terça-feira,Carnaval
21/04/38,quarta-feira,Tiradentes
23/04/38,sexta-feira,Paixão de Cristo
01/05/38,sábado,Dia do Trabalho
24/06/38,quinta-feira,Corpus Christi
07/09/38,terça-feira,Independência do Brasil
12/10/38,terça-feira,Nossa Sr.a Aparecida - Padroeira do Brasil
02/11/38,terça-feira,Finados
15/11/38,segunda-feira,Proclamação da República
25/12/38,sábado,Natal
01/01/39,sábado,Confraternização Universal
21/02/39,segunda-feira,Carnaval
22/02/39,terça-feira,Carnaval
08/04/39,sexta-feira,Paixão de Cristo
21/04/39,quinta-feira,Tiradentes
01/05/39,domingo,Dia do Trabalho
09/06/39,quinta-feira,Corpus Christi
07/09/39,quarta-feira,Independência do Brasil
12/10/39,quarta-feira,Nossa Sr.a Aparecida - Padroeira do Brasil
02/11/39,quarta-feira,Finados
15/11/39,terça-feira,Proclamação da República
25/12/39,domingo,Natal
01/01/40,domingo,Confraternização Universal
13/02/40,segunda-feira,Carnaval
14/02/40,terça-feira,Carnaval
30/03/40,sexta-feira,Paixão de Cristo
21/04/40,sábado,Tiradentes
01/05/40,terça-feira,Dia do Trabalho
31/05/40,quinta-feira,Corpus Christi
07/09/40,sexta-feira,Independência do Brasil
12/10/40,sexta-feira,Nossa Sr.a Aparecida - Padroeira do Brasil
02/11/40,sexta-feira,Finados
15/11/40,quinta-feira,Proclamação da República
25/12/40,terça-feira,Natal
01/01/41,terça-feira,Confraternização Universal
04/03/41,segunda-feira,Carnaval
05/03/41,terça-feira,Carnaval
19/04/41,sexta-feira,Paixão de Cristo
21/04/41,domingo,Tiradentes
01/05/41,quarta-feira,Dia do Trabalho
20/06/41,quinta-feira,Corpus Christi
07/09/41,sábado,Independência do Brasil
12/10/41,sábado,Nossa Sr.a Aparecida - Padroeira do Brasil
02/11/41,sábado,Finados
15/11/41,sexta-feira,Proclamação da República
25/12/41,quarta-feira,Natal
01/01/42,quarta-feira,Confraternização Universal
17/02/42,segunda-feira,Carnaval
18/02/42,terça-feira,Carnaval
04/04/42,sexta-feira,Paixão de Cristo
21/04/42,segunda-feira,Tiradentes
01/05/42,quinta-feira,Dia do Trabalho
05/06/42,quinta-feira,Corpus Christi
07/09/42,domingo,Independência do Brasil
12/10/42,domingo,Nossa Sr.a Aparecida - Padroeira do Brasil
02/11/42,domingo,Finados
15/11/42,sábado,Proclamação da República
25/12/42,quinta-feira,Natal
01/01/43,quinta-feira,Confraternização Universal
09/02/43,segunda-feira,Carnaval
10/02/43,terça-feira,Carnaval
27/03/43,sexta-feira,Paixão de Cristo
21/04/43,terça-feira,Tiradentes
01/05/43,sexta-feira,Dia do Trabalho
28/05/43,quinta-feira,Corpus Christi
07/09/43,segunda-feira,Independência do Brasil
12/10/43,segunda-feira,Nossa Sr.a Aparecida - Padroeira do Brasil
02/11/43,segunda-feira,Finados
15/11/43,domingo,Proclamação da República
25/12/43,sexta-feira,Natal
01/01/44,sexta-feira,Confraternização Universal
29/02/44,segunda-feira,Carnaval
01/03/44,terça-feira,Carnaval
15/04/44,sexta-feira,Paixão de Cristo
21/04/44,quinta-feira,Tiradentes
01/05/44,domingo,Dia do Trabalho
16/06/44,quinta-feira,Corpus Christi
07/09/44,quarta-feira,Independência do Brasil
12/10/44,quarta-feira,Nossa Sr.a Aparecida - Padroeira do Brasil
02/11/44,quarta-feira,Finados
15/11/44,terça-feira,Proclamação da República
25/12/44,domingo,Natal
01/01/45,domingo,Confraternização Universal
20/02/45,segunda-feira,Carnaval
21/02/45,terça-feira,Carnaval
07/04/45,sexta-feira,Paixão de Cristo
21/04/45,sexta-feira,Tiradentes
01/05/45,segunda-feira,Dia do Trabalho
08/06/45,quinta-feira,Corpus Christi
07/09/45,quinta-feira,Independência do Brasil
12/10/45,quinta-feira,Nossa Sr.a Aparecida - Padroeira do Brasil
02/11/45,quinta-feira,Finados
15/11/45,quarta-feira,Proclamação da República
25/12/45,segunda-feira,Natal
01/01/46,segunda-feira,Confraternização Universal
05/02/46,segunda-feira,Carnaval
06/02/46,terça-feira,Carnaval
23/03/46,sexta-feira,Paixão de Cristo
21/04/46,sábado,Tiradentes
01/05/46,terça-feira,Dia do Trabalho
24/05/46,quinta-feira,Corpus Christi
07/09/46,sexta-feira,Independência do Brasil
12/10/46,sexta-feira,Nossa Sr.a Aparecida - Padroeira do Brasil
02/11/46,sexta-feira,Finados
15/11/46,quinta-feira,Proclamação da República
25/12/46,terça-feira,Natal
01/01/47,terça-feira,Confraternização Universal
25/02/47,segunda-feira,Carnaval
26/02/47,terça-feira,Carnaval
12/04/47,sexta-feira,Paixão de Cristo
21/04/47,domingo,Tiradentes
01/05/47,quarta-feira,Dia do Trabalho
13/06/47,quinta-feira,Corpus Christi
07/09/47,sábado,Independência do Brasil
12/10/47,sábado,Nossa Sr.a Aparecida - Padroeira do Brasil
02/11/47,sábado,Finados
15/11/47,sexta-feira,Proclamação da República
25/12/47,quarta-feira,Natal
01/01/48,quarta-feira,Confraternização Universal
17/02/48,segunda-feira,Carnaval
18/02/48,terça-feira,Carnaval
03/04/48,sexta-feira,Paixão de Cristo
21/04/48,terça-feira,Tiradentes
01/05/48,sexta-feira,Dia do Trabalho
04/06/48,quinta-feira,Corpus Christi
07/09/48,segunda-feira,Independência do Brasil
12/10/48,segunda-feira,Nossa Sr.a Aparecida - Padroeira do Brasil
02/11/48,segunda-feira,Finados
15/11/48,domingo,Proclamação da República
25/12/48,sexta-feira,Natal
01/01/49,sexta-feira,Confraternização Universal
01/03/49,segunda-feira,Carnaval
02/03/49,terça-feira,Carnaval
16/04/49,sexta-feira,Paixão de Cristo
21/04/49,quarta-feira,Tiradentes
01/05/49,sábado,Dia do Trabalho
17/06/49,quinta-feira,Corpus Christi
07/09/49,terça-feira,Independência do Brasil
12/10/49,terça-feira,Nossa Sr.a Aparecida - Padroeira do Brasil
02/11/49,terça-feira,Finados
15/11/49,segunda-feira,Proclamação da República
25/12/49,sábado,Natal
01/01/50,sábado,Confraternização Universal
21/02/50,segunda-feira,Carnaval
22/02/50,terça-feira,Carnaval
08/04/50,sexta-feira,Paixão de Cristo
21/04/50,quinta-feira,Tiradentes
01/05/50,domingo,Dia do Trabalho
09/06/50,quinta-feira,Corpus Christi
07/09/50,quarta-feira,Independência do Brasil
12/10/50,quarta-feira,Nossa Sr.a Aparecida - Padroeira do Brasil
02/11/50,quarta-feira,Finados
15/11/50,terça-feira,Proclamação da República
25/12/50,domingo,Natal
01/01/51,domingo,Confraternização Universal
13/02/51,segunda-feira,Carnaval
14/02/51,terça-feira,Carnaval
31/03/51,sexta-feira,Paixão de Cristo
21/04/51,sexta-feira,Tiradentes
01/05/51,segunda-feira,Dia do Trabalho
01/06/51,quinta-feira,Corpus Christi
07/09/51,quinta-feira,Independência do Brasil
12/10/51,quinta-feira,Nossa Sr.a Aparecida - Padroeira do Brasil
02/11/51,quinta-feira,Finados
15/11/51,quarta-feira,Proclamação da República
25/12/51,segunda-feira,Natal
01/01/52,segunda-feira,Confraternização Universal
04/03/52,segunda-feira,Carnaval
05/03/52,terça-feira,Carnaval
19/04/52,sexta-feira,Paixão de Cristo
21/04/52,domingo,Tiradentes
01/05/52,quarta-feira,Dia do Trabalho
20/06/52,quinta-feira,Corpus Christi
07/09/52,sábado,Independência do Brasil
12/10/52,sábado,Nossa Sr.a Aparecida - Padroeira do Brasil
02/11/52,sábado,Finados
15/11/52,sexta-feira,Proclamação da República
25/12/52,quarta-feira,Natal
01/01/53,quarta-feira,Confraternização Universal
17/02/53,segunda-feira,Carnaval
18/02/53,terça-feira,Carnaval
04/04/53,sexta-feira,Paixão de Cristo
21/04/53,segunda-feira,Tiradentes
01/05/53,quinta-feira,Dia do Trabalho
05/06/53,quinta-feira,Corpus Christi
07/09/53,domingo,Independência do Brasil
12/10/53,domingo,Nossa Sr.a Aparecida - Padroeira do Brasil
02/11/53,domingo,Finados
15/11/53,sábado,Proclamação da República
25/12/53,quinta-feira,Natal
01/01/54,quinta-feira,Confraternização Universal
09/02/54,segunda-feira,Carnaval
10/02/54,terça-feira,Carnaval
27/03/54,sexta-feira,Paixão de Cristo
21/04/54,terça-feira,Tiradentes
01/05/54,sexta-feira,Dia do Trabalho
28/05/54,quinta-feira,Corpus Christi
07/09/54,segunda-feira,Independência do Brasil
12/10/54,segunda-feira,Nossa Sr.a Aparecida - Padroeira do Brasil
02/11/54,segunda-feira,Finados
15/11/54,domingo,Proclamação da República
25/12/54,sexta-feira,Natal
01/01/55,sexta-feira,Confraternização Universal
01/03/55,segunda-feira,Carnaval
02/03/55,terça-feira,Carnaval
16/04/55,sexta-feira,Paixão de Cristo
21/04/55,quarta-feira,Tiradentes
01/05/55,sábado,Dia do Trabalho
17/06/55,quinta-feira,Corpus Christi
07/09/55,terça-feira,Independência do Brasil
12/10/55,terça-feira,Nossa Sr.a Aparecida - Padroeira do Brasil
02/11/55,terça-feira,Finados
15/11/55,segunda-feira,Proclamação da República
25/12/55,sábado,Natal
01/01/56,sábado,Confraternização Universal
14/02/56,segunda-feira,Carnaval
15/02/56,terça-feira,Carnaval
31/03/56,sexta-feira,Paixão de Cristo
21/04/56,sexta-feira,Tiradentes
01/05/56,segunda-feira,Dia do Trabalho
01/06/56,quinta-feira,Corpus Christi
07/09/56,quinta-feira,Independência do Brasil
12/10/56,quinta-feira,Nossa Sr.a Aparecida - Padroeira do Brasil
02/11/56,quinta-feira,Finados
15/11/56,quarta-feira,Proclamação da República
25/12/56,segunda-feira,Natal
01/01/57,segunda-feira,Confraternização Universal
05/03/57,segunda-feira,Carnaval
06/03/57,terça-feira,Carnaval
20/04/57,sexta-feira,Paixão de Cristo
21/04/57,sábado,Tiradentes
01/05/57,terça-feira,Dia do Trabalho
21/06/57,quinta-feira,Corpus Christi
07/09/57,sexta-feira,Independência do Brasil
12/10/57,sexta-feira,Nossa Sr.a Aparecida - Padroeira do Brasil
02/11/57,sexta-feira,Finados
15/11/57,quinta-feira,Proclamação da República
25/12/57,terça-feira,Natal
01/01/58,terça-feira,Confraternização Universal
25/02/58,segunda-feira,Carnaval
26/02/58,terça-feira,Carnaval
12/04/58,sexta-feira,Paixão de Cristo
21/04/58,domingo,Tiradentes
01/05/58,quarta-feira,Dia do Trabalho
13/06/58,quinta-feira,Corpus Christi
07/09/58,sábado,Independência do Brasil
12/10/58,sábado,Nossa Sr.a Aparecida - Padroeira do Brasil
02/11/58,sábado,Finados
15/11/58,sexta-feira,Proclamação da República
25/12/58,quarta-feira,Natal
01/01/59,quarta-feira,Confraternização Universal
10/02/59,segunda-feira,Carnaval
11/02/59,terça-feira,Carnaval
28/03/59,sexta-feira,Paixão de Cristo
21/04/59,segunda-feira,Tiradentes
01/05/59,quinta-feira,Dia do Trabalho
29/05/59,quinta-feira,Corpus Christi
07/09/59,domingo,Independência do Brasil
12/10/59,domingo,Nossa Sr.a Aparecida - Padroeira do Brasil
02/11/59,domingo,Finados
15/11/59,sábado,Proclamação da República
25/12/59,quinta-feira,Natal
01/01/60,quinta-feira,Confraternização Universal
01/03/60,segunda-feira,Carnaval
02/03/60,terça-feira,Carnaval
16/04/60,sexta-feira,Paixão de Cristo
21/04/60,quarta-feira,Tiradentes
01/05/60,sábado,Dia do Trabalho
17/06/60,quinta-feira,Corpus Christi
07/09/60,terça-feira,Independência do Brasil
12/10/60,terça-feira,Nossa Sr.a Aparecida - Padroeira do Brasil
02/11/60,terça-feira,Finados
15/11/60,segunda-feira,Proclamação da República
25/12/60,sábado,Natal
01/01/61,sábado,Confraternização Universal
21/02/61,segunda-feira,Carnaval
22/02/61,terça-feira,Carnaval
08/04/61,sexta-feira,Paixão de Cristo
21/04/61,quinta-feira,Tiradentes
01/05/61,domingo,Dia do Trabalho
09/06/61,quinta-feira,Corpus Christi
07/09/61,quarta-feira,Independência do Brasil
12/10/61,quarta-feira,Nossa Sr.a Aparecida - Padroeira do Brasil
02/11/61,quarta-feira,Finados
15/11/61,terça-feira,Proclamação da República
25/12/61,domingo,Natal
01/01/62,domingo,Confraternização Universal
06/02/62,segunda-feira,Carnaval
07/02/62,terça-feira,Carnaval
24/03/62,sexta-feira,Paixão de Cristo
21/04/62,sexta-feira,Tiradentes
01/05/62,segunda-feira,Dia do Trabalho
25/05/62,quinta-feira,Corpus Christi
07/09/62,quinta-feira,Independência do Brasil
12/10/62,quinta-feira,Nossa Sr.a Aparecida - Padroeira do Brasil
02/11/62,quinta-feira,Finados
15/11/62,quarta-feira,Proclamação da República
25/12/62,segunda-feira,Natal
01/01/63,segunda-feira,Confraternização Universal
26/02/63,segunda-feira,Carnaval
27/02/63,terça-feira,Carnaval
13/04/63,sexta-feira,Paixão de Cristo
21/04/63,sábado,Tiradentes
01/05/63,terça-feira,Dia do Trabalho
14/06/63,quinta-feira,Corpus Christi
07/09/63,sexta-feira,Independência do Brasil
12/10/63,sexta-feira,Nossa Sr.a Aparecida - Padroeira do Brasil
02/11/63,sexta-feira,Finados
15/11/63,quinta-feira,Proclamação da República
25/12/63,terça-feira,Natal
01/01/64,terça-feira,Confraternização Universal
18/02/64,segunda-feira,Carnaval
19/02/64,terça-feira,Carnaval
04/04/64,sexta-feira,Paixão de Cristo
21/04/64,segunda-feira,Tiradentes
01/05/64,quinta-feira,Dia do Trabalho
05/06/64,quinta-feira,Corpus Christi
07/09/64,domingo,Independência do Brasil
12/10/64,domingo,Nossa Sr.a Aparecida - Padroeira do Brasil
02/11/64,domingo,Finados
15/11/64,sábado,Proclamação da República
25/12/64,quinta-feira,Natal
01/01/65,quinta-feira,Confraternização Universal
09/02/65,segunda-feira,Carnaval
10/02/65,terça-feira,Carnaval
27/03/65,sexta-feira,Paixão de Cristo
21/04/65,terça-feira,Tiradentes
01/05/65,sexta-feira,Dia do Trabalho
28/05/65,quinta-feira,Corpus Christi
07/09/65,segunda-feira,Independência do Brasil
12/10/65,segunda-feira,Nossa Sr.a Aparecida - Padroeira do Brasil
02/11/65,segunda-feira,Finados
15/11/65,domingo,Proclamação da República
25/12/65,sexta-feira,Natal
01/01/66,sexta-feira,Confraternização Universal
22/02/66,segunda-feira,Carnaval
23/02/66,terça-feira,Carnaval
09/04/66,sexta-feira,Paixão de Cristo
21/04/66,quarta-feira,Tiradentes
01/05/66,sábado,Dia do Trabalho
10/06/66,quinta-feira,Corpus Christi
07/09/66,terça-feira,Independência do Brasil
12/10/66,terça-feira,Nossa Sr.a Aparecida - Padroeira do Brasil
02/11/66,terça-feira,Finados
15/11/66,segunda-feira,Proclamação da República
25/12/66,sábado,Natal
01/01/67,sábado,Confraternização Universal
14/02/67,segunda-feira,Carnaval
15/02/67,terça-feira,Carnaval
01/04/67,sexta-feira,Paixão de Cristo
21/04/67,quinta-feira,Tiradentes
01/05/67,domingo,Dia do Trabalho
02/06/67,quinta-feira,Corpus Christi
07/09/67,quarta-feira,Independência do Brasil
12/10/67,quarta-feira,Nossa Sr.a Aparecida - Padroeira do Brasil
02/11/67,quarta-feira,Finados
15/11/67,terça-feira,Proclamação da República
25/12/67,domingo,Natal
01/01/68,domingo,Confraternização Universal
05/03/68,segunda-feira,Carnaval
06/03/68,terça-feira,Carnaval
20/04/68,sexta-feira,Paixão de Cristo
21/04/68,sábado,Tiradentes
01/05/68,terça-feira,Dia do Trabalho
21/06/68,quinta-feira,Corpus Christi
07/09/68,sexta-feira,Independência do Brasil
12/10/68,sexta-feira,Nossa Sr.a Aparecida - Padroeira do Brasil
02/11/68,sexta-feira,Finados
15/11/68,quinta-feira,Proclamação da República
25/12/68,terça-feira,Natal
01/01/69,terça-feira,Confraternização Universal
25/02/69,segunda-feira,Carnaval
26/02/69,terça-feira,Carnaval
12/04/69,sexta-feira,Paixão de Cristo
21/04/69,domingo,Tiradentes
01/05/69,quarta-feira,Dia do Trabalho
13/06/69,quinta-feira,Corpus Christi
07/09/69,sábado,Independência do Brasil
12/10/69,sábado,Nossa Sr.a Aparecida - Padroeira do Brasil
02/11/69,sábado,Finados
15/11/69,sexta-feira,Proclamação da República
25/12/69,quarta-feira,Natal
01/01/70,quarta-feira,Confraternização Universal
10/02/70,segunda-feira,Carnaval
11/02/70,terça-feira,Carnaval
28/03/70,sexta-feira,Paixão de Cristo
21/04/70,segunda-feira,Tiradentes
01/05/70,quinta-feira,Dia do Trabalho
29/05/70,quinta-feira,Corpus Christi
07/09/70,domingo,Independência do Brasil
12/10/70,domingo,Nossa Sr.a Aparecida - Padroeira do Brasil
02/11/70,domingo,Finados
15/11/70,sábado,Proclamação da República
25/12/70,quinta-feira,Natal
01/01/71,quinta-feira,Confraternização Universal
02/03/71,segunda-feira,Carnaval
03/03/71,terça-feira,Carnaval
17/04/71,sexta-feira,Paixão de Cristo
21/04/71,terça-feira,Tiradentes
01/05/71,sexta-feira,Dia do Trabalho
18/06/71,quinta-feira,Corpus Christi
07/09/71,segunda-feira,Independência do Brasil
12/10/71,segunda-feira,Nossa Sr.a Aparecida - Padroeira do Brasil
02/11/71,segunda-feira,Finados
15/11/71,domingo,Proclamação da República
25/12/71,sexta-feira,Natal
01/01/72,sexta-feira,Confraternização Universal
22/02/72,segunda-feira,Carnaval
23/02/72,terça-feira,Carnaval
08/04/72,sexta-feira,Paixão de Cristo
21/04/72,quinta-feira,Tiradentes
01/05/72,domingo,Dia do Trabalho
09/06/72,quinta-feira,Corpus Christi
07/09/72,quarta-feira,Independência do Brasil
12/10/72,quarta-feira,Nossa Sr.a Aparecida - Padroeira do Brasil
02/11/72,quarta-feira,Finados
15/11/72,terça-feira,Proclamação da República
25/12/72,domingo,Natal
01/01/73,domingo,Confraternização Universal
06/02/73,segunda-feira,Carnaval
07/02/73,terça-feira,Carnaval
24/03/73,sexta-feira,Paixão de Cristo
21/04/73,sexta-feira,Tiradentes
01/05/73,segunda-feira,Dia do Trabalho
25/05/73,quinta-feira,Corpus Christi
07/09/73,quinta-feira,Independência do Brasil
12/10/73,quinta-feira,Nossa Sr.a Aparecida - Padroeira do Brasil
02/11/73,quinta-feira,Finados
15/11/73,quarta-feira,Proclamação da República
25/12/73,segunda-feira,Natal
01/01/74,segunda-feira,Confraternização Universal
26/02/74,segunda-feira,Carnaval
27/02/74,terça-feira,Carnaval
13/04/74,sexta-feira,Paixão de Cristo
21/04/74,sábado,Tiradentes
01/05/74,terça-feira,Dia do Trabalho
14/06/74,quinta-feira,Corpus Christi
07/09/74,sexta-feira,Independência do Brasil
12/10/74,sexta-feira,Nossa Sr.a Aparecida - Padroeira do Brasil
02/11/74,sexta-feira,Finados
15/11/74,quinta-feira,Proclamação da República
25/12/74,terça-feira,Natal
01/01/75,terça-feira,Confraternização Universal
18/02/75,segunda-feira,Carnaval
19/02/75,terça-feira,Carnaval
05/04/75,sexta-feira,Paixão de Cristo
21/04/75,domingo,Tiradentes
01/05/75,quarta-feira,Dia do Trabalho
06/06/75,quinta-feira,Corpus Christi
07/09/75,sábado,Independência do Brasil
12/10/75,sábado,Nossa Sr.a Aparecida - Padroeira do Brasil
02/11/75,sábado,Finados
15/11/75,sexta-feira,Proclamação da República
25/12/75,quarta-feira,Natal
01/01/76,quarta-feira,Confraternização Universal
02/03/76,segunda-feira,Carnaval
03/03/76,terça-feira,Carnaval
17/04/76,sexta-feira,Paixão de Cristo
21/04/76,terça-feira,Tiradentes
01/05/76,sexta-feira,Dia do Trabalho
18/06/76,quinta-feira,Corpus Christi
07/09/76,segunda-feira,Independência do Brasil
12/10/76,segunda-feira,Nossa Sr.a Aparecida - Padroeira do Brasil
02/11/76,segunda-feira,Finados
15/11/76,domingo,Proclamação da República
25/12/76,sexta-feira,Natal
01/01/77,sexta-feira,Confraternização Universal
22/02/77,segunda-feira,Carnaval
23/02/77,terça-feira,Carnaval
09/04/77,sexta-feira,Paixão de Cristo
21/04/77,quarta-feira,Tiradentes
01/05/77,sábado,Dia do Trabalho
10/06/77,quinta-feira,Corpus Christi
07/09/77,terça-feira,Independência do Brasil
12/10/77,terça-feira,Nossa Sr.a Aparecida - Padroeira do Brasil
02/11/77,terça-feira,Finados
15/11/77,segunda-feira,Proclamação da República
25/12/77,sábado,Natal
01/01/78,sábado,Confraternização Universal
14/02/78,segunda-feira,Carnaval
15/02/78,terça-feira,Carnaval
01/04/78,sexta-feira,Paixão de Cristo
21/04/78,quinta-feira,Tiradentes
01/05/78,domingo,Dia do Trabalho
02/06/78,quinta-feira,Corpus Christi
07/09/78,quarta-feira,Independência do Brasil
12/10/78,quarta-feira,Nossa Sr.a Aparecida - Padroeira do Brasil
02/11/78,quarta-feira,Finados
15/11/78,terça-feira,Proclamação da República
25/12/78,domingo,Natal
01/01/79,domingo,Confraternização Universal
06/03/79,segunda-feira,Carnaval
07/03/79,terça-feira,Carnaval
21/04/79,sexta-feira,Paixão de Cristo
21/04/79,sexta-feira,Tiradentes
01/05/79,segunda-feira,Dia do Trabalho
22/06/79,quinta-feira,Corpus Christi
07/09/79,quinta-feira,Independência do Brasil
12/10/79,quinta-feira,Nossa Sr.a Aparecida - Padroeira do Brasil
02/11/79,quinta-feira,Finados
15/11/79,quarta-feira,Proclamação da República
25/12/79,segunda-feira,Natal
01/01/80,segunda-feira,Confraternização Universal
19/02/80,segunda-feira,Carnaval
20/02/80,terça-feira,Carnaval
05/04/80,sexta-feira,Paixão de Cristo
21/04/80,domingo,Tiradentes
01/05/80,quarta-feira,Dia do Trabalho
06/06/80,quinta-feira,Corpus Christi
07/09/80,sábado,Independência do Brasil
12/10/80,sábado,Nossa Sr.a Aparecida - Padroeira do Brasil
02/11/80,sábado,Finados
15/11/80,sexta-feira,Proclamação da República
25/12/80,quarta-feira,Natal
01/01/81,quarta-feira,Confraternização Universal
10/02/81,segunda-feira,Carnaval
11/02/81,terça-feira,Carnaval
28/03/81,sexta-feira,Paixão de Cristo
21/04/81,segunda-feira,Tiradentes
01/05/81,quinta-feira,Dia do Trabalho
29/05/81,quinta-feira,Corpus Christi
07/09/81,domingo,Independência do Brasil
12/10/81,domingo,Nossa Sr.a Aparecida - Padroeira do Brasil
02/11/81,domingo,Finados
15/11/81,sábado,Proclamação da República
25/12/81,quinta-feira,Natal
01/01/82,quinta-feira,Confraternização Universal
02/03/82,segunda-feira,Carnaval
03/03/82,terça-feira,Carnaval
17/04/82,sexta-feira,Paixão de Cristo
21/04/82,terça-feira,Tiradentes
01/05/82,sexta-feira,Dia do Trabalho
18/06/82,quinta-feira,Corpus Christi
07/09/82,segunda-feira,Independência do Brasil
12/10/82,segunda-feira,Nossa Sr.a Aparecida - Padroeira do Brasil
02/11/82,segunda-feira,Finados
15/11/82,domingo,Proclamação da República
25/12/82,sexta-feira,Natal
01/01/83,sexta-feira,Confraternização Universal
15/02/83,segunda-feira,Carnaval
16/02/83,terça-feira,Carnaval
02/04/83,sexta-feira,Paixão de Cristo
21/04/83,quarta-feira,Tiradentes
01/05/83,sábado,Dia do Trabalho
03/06/83,quinta-feira,Corpus Christi
07/09/83,terça-feira,Independência do Brasil
12/10/83,terça-feira,Nossa Sr.a Aparecida - Padroeira do Brasil
02/11/83,terça-feira,Finados
15/11/83,segunda-feira,Proclamação da República
25/12/83,sábado,Natal
01/01/84,sábado,Confraternização Universal
07/02/84,segunda-feira,Carnaval
08/02/84,terça-feira,Carnaval
24/03/84,sexta-feira,Paixão de Cristo
21/04/84,sexta-feira,Tiradentes
01/05/84,segunda-feira,Dia do Trabalho
25/05/84,quinta-feira,Corpus Christi
07/09/84,quinta-feira,Independência do Brasil
12/10/84,quinta-feira,Nossa Sr.a Aparecida - Padroeira do Brasil
02/11/84,quinta-feira,Finados
15/11/84,quarta-feira,Proclamação da República
25/12/84,segunda-feira,Natal
01/01/85,segunda-feira,Confraternização Universal
26/02/85,segunda-feira,Carnaval
27/02/85,terça-feira,Carnaval
13/04/85,sexta-feira,Paixão de Cristo
21/04/85,sábado,Tiradentes
01/05/85,terça-feira,Dia do Trabalho
14/06/85,quinta-feira,Corpus Christi
07/09/85,sexta-feira,Independência do Brasil
12/10/85,sexta-feira,Nossa Sr.a Aparecida - Padroeira do Brasil
02/11/85,sexta-feira,Finados
15/11/85,quinta-feira,Proclamação da República
25/12/85,terça-feira,Natal
01/01/86,terça-feira,Confraternização Universal
11/02/86,segunda-feira,Carnaval
12/02/86,terça-feira,Carnaval
29/03/86,sexta-feira,Paixão de Cristo
21/04/86,domingo,Tiradentes
01/05/86,quarta-feira,Dia do Trabalho
30/05/86,quinta-feira,Corpus Christi
07/09/86,sábado,Independência do Brasil
12/10/86,sábado,Nossa Sr.a Aparecida - Padroeira do Brasil
02/11/86,sábado,Finados
15/11/86,sexta-feira,Proclamação da República
25/12/86,quarta-feira,Natal
01/01/87,quarta-feira,Confraternização Universal
03/03/87,segunda-feira,Carnaval
04/03/87,terça-feira,Carnaval
18/04/87,sexta-feira,Paixão de Cristo
21/04/87,segunda-feira,Tiradentes
01/05/87,quinta-feira,Dia do Trabalho
19/06/87,quinta-feira,Corpus Christi
07/09/87,domingo,Independência do Brasil
12/10/87,domingo,Nossa Sr.a Aparecida - Padroeira do Brasil
02/11/87,domingo,Finados
15/11/87,sábado,Proclamação da República
25/12/87,quinta-feira,Natal
01/01/88,quinta-feira,Confraternização Universal
23/02/88,segunda-feira,Carnaval
24/02/88,terça-feira,Carnaval
09/04/88,sexta-feira,Paixão de Cristo
21/04/88,quarta-feira,Tiradentes
01/05/88,sábado,Dia do Trabalho
10/06/88,quinta-feira,Corpus Christi
07/09/88,terça-feira,Independência do Brasil
12/10/88,terça-feira,Nossa Sr.a Aparecida - Padroeira do Brasil
02/11/88,terça-feira,Finados
15/11/88,segunda-feira,Proclamação da República
25/12/88,sábado,Natal
01/01/89,sábado,Confraternização Universal
14/02/89,segunda-feira,Carnaval
15/02/89,terça-feira,Carnaval
01/04/89,sexta-feira,Paixão de Cristo
21/04/89,quinta-feira,Tiradentes
01/05/89,domingo,Dia do Trabalho
02/06/89,quinta-feira,Corpus Christi
07/09/89,quarta-feira,Independência do Brasil
12/10/89,quarta-feira,Nossa Sr.a Aparecida - Padroeira do Brasil
02/11/89,quarta-feira,Finados
15/11/89,terça-feira,Proclamação da República
25/12/89,domingo,Natal
01/01/90,domingo,Confraternização Universal
27/02/90,segunda-feira,Carnaval
28/02/90,terça-feira,Carnaval
14/04/90,sexta-feira,Paixão de Cristo
21/04/90,sexta-feira,Tiradentes
01/05/90,segunda-feira,Dia do Trabalho
15/06/90,quinta-feira,Corpus Christi
07/09/90,quinta-feira,Independência do Brasil
12/10/90,quinta-feira,Nossa Sr.a Aparecida - Padroeira do Brasil
02/11/90,quinta-feira,Finados
15/11/90,quarta-feira,Proclamação da República
25/12/90,segunda-feira,Natal
01/01/91,segunda-feira,Confraternização Universal
19/02/91,segunda-feira,Carnaval
20/02/91,terça-feira,Carnaval
06/04/91,sexta-feira,Paixão de Cristo
21/04/91,sábado,Tiradentes
01/05/91,terça-feira,Dia do Trabalho
07/06/91,quinta-feira,Corpus Christi
07/09/91,sexta-feira,Independência do Brasil
12/10/91,sexta-feira,Nossa Sr.a Aparecida - Padroeira do Brasil
02/11/91,sexta-feira,Finados
15/11/91,quinta-feira,Proclamação da República
25/12/91,terça-feira,Natal
01/01/92,terça-feira,Confraternização Universal
11/02/92,segunda-feira,Carnaval
12/02/92,terça-feira,Carnaval
28/03/92,sexta-feira,Paixão de Cristo
21/04/92,segunda-feira,Tiradentes
01/05/92,quinta-feira,Dia do Trabalho
29/05/92,quinta-feira,Corpus Christi
07/09/92,domingo,Independência do Brasil
12/10/92,domingo,Nossa Sr.a Aparecida - Padroeira do Brasil
02/11/92,domingo,Finados
15/11/92,sábado,Proclamação da República
25/12/92,quinta-feira,Natal
01/01/93,quinta-feira,Confraternização Universal
23/02/93,segunda-feira,Carnaval
24/02/93,terça-feira,Carnaval
10/04/93,sexta-feira,Paixão de Cristo
21/04/93,terça-feira,Tiradentes
01/05/93,sexta-feira,Dia do Trabalho
11/06/93,quinta-feira,Corpus Christi
07/09/93,segunda-feira,Independência do Brasil
12/10/93,segunda-feira,Nossa Sr.a Aparecida - Padroeira do Brasil
02/11/93,segunda-feira,Finados
15/11/93,domingo,Proclamação da República
25/12/93,sexta-feira,Natal
01/01/94,sexta-feira,Confraternização Universal
15/02/94,segunda-feira,Carnaval
16/02/94,terça-feira,Carnaval
02/04/94,sexta-feira,Paixão de Cristo
21/04/94,quarta-feira,Tiradentes
01/05/94,sábado,Dia do Trabalho
03/06/94,quinta-feira,Corpus Christi
07/09/94,terça-feira,Independência do Brasil
12/10/94,terça-feira,Nossa Sr.a Aparecida - Padroeira do Brasil
02/11/94,terça-feira,Finados
15/11/94,segunda-feira,Proclamação da República
25/12/94,sábado,Natal
01/01/95,sábado,Confraternização Universal
07/03/95,segunda-feira,Carnaval
08/03/95,terça-feira,Carnaval
21/04/95,quinta-feira,Tiradentes
22/04/95,sexta-feira,Paixão de Cristo
01/05/95,domingo,Dia do Trabalho
23/06/95,quinta-feira,Corpus Christi
07/09/95,quarta-feira,Independência do Brasil
12/10/95,quarta-feira,Nossa Sr.a Aparecida - Padroeira do Brasil
02/11/95,quarta-feira,Finados
15/11/95,terça-feira,Proclamação da República
25/12/95,domingo,Natal
01/01/96,domingo,Confraternização Universal
27/02/96,segunda-feira,Carnaval
28/02/96,terça-feira,Carnaval
13/04/96,sexta-feira,Paixão de Cristo
21/04/96,sábado,Tiradentes
01/05/96,terça-feira,Dia do Trabalho
14/06/96,quinta-feira,Corpus Christi
07/09/96,sexta-feira,Independência do Brasil
12/10/96,sexta-feira,Nossa Sr.a Aparecida - Padroeira do Brasil
02/11/96,sexta-feira,Finados
15/11/96,quinta-feira,Proclamação da República
25/12/96,terça-feira,Natal
01/01/97,terça-feira,Confraternização Universal
11/02/97,segunda-feira,Carnaval
12/02/97,terça-feira,Carnaval
29/03/97,sexta-feira,Paixão de Cristo
21/04/97,domingo,Tiradentes
01/05/97,quarta-feira,Dia do Trabalho
30/05/97,quinta-feira,Corpus Christi
07/09/97,sábado,Independência do Brasil
12/10/97,sábado,Nossa Sr.a Aparecida - Padroeira do Brasil
02/11/97,sábado,Finados
15/11/97,sexta-feira,Proclamação da República
25/12/97,quarta-feira,Natal
01/01/98,quarta-feira,Confraternização Universal
03/03/98,segunda-feira,Carnaval
04/03/98,terça-feira,Carnaval
18/04/98,sexta-feira,Paixão de Cristo
21/04/98,segunda-feira,Tiradentes
01/05/98,quinta-feira,Dia do Trabalho
19/06/98,quinta-feira,Corpus Christi
07/09/98,domingo,Independência do Brasil
12/10/98,domingo,Nossa Sr.a Aparecida - Padroeira do Brasil
02/11/98,domingo,Finados
15/11/98,sábado,Proclamação da República
25/12/98,quinta-feira,Natal
01/01/99,quinta-feira,Confraternização Universal
23/02/99,segunda-feira,Carnaval
24/02/99,terça-feira,Carnaval
10/04/99,sexta-feira,Paixão de Cristo
21/04/99,terça-feira,Tiradentes
01/05/99,sexta-feira,Dia do Trabalho
11/06/99,quinta-feira,Corpus Christi
07/09/99,segunda-feira,Independência do Brasil
12/10/99,segunda-feira,Nossa Sr.a Aparecida - Padroeira do Brasil
02/11/99,segunda-feira,Finados
15/11/99,domingo,Proclamação da República
25/12/99,sexta-feira,Natal